Nacionalidad,Provincias,Localidades,codes
Argentina,Buenos Aires,Balvanera,682
Argentina,Buenos Aires,Barracas,683
Argentina,Buenos Aires,Belgrano,687
Argentina,Buenos Aires,Boedo,697
Argentina,Buenos Aires,Buenos Aires,704
Argentina,Buenos Aires,Colegiales,773
Argentina,Buenos Aires,Retiro,1380
Argentina,Buenos Aires,Villa Lugano,1561
Argentina,Buenos Aires,Villa Ortúzar,1570
Argentina,Buenos Aires,Villa Santa Rita,1576
Argentina,Catamarca,Ancasti,659
Argentina,Catamarca,Andalgalá,661
Argentina,Catamarca,Antofagasta de la Sierra,663
Argentina,Catamarca,Capayán,726
Argentina,Catamarca,Departamento de Ambato,824
Argentina,Catamarca,Departamento de Ancasti,825
Argentina,Catamarca,Departamento de Andalgalá,826
Argentina,Catamarca,Departamento de Antofagasta de la Sierra,829
Argentina,Catamarca,Departamento de Capayán,846
Argentina,Catamarca,Departamento de Capital,849
Argentina,Catamarca,Departamento de El Alto,877
Argentina,Catamarca,Departamento de Fray Mamerto Esquiú,884
Argentina,Catamarca,Departamento de La Paz,918
Argentina,Catamarca,Departamento de Pomán,959
Argentina,Catamarca,Departamento de Santa María,1006
Argentina,Catamarca,Departamento de Santa Rosa,1007
Argentina,Catamarca,Departamento de Tinogasta,1020
Argentina,Catamarca,Departamento de Valle Viejo,1030
Argentina,Catamarca,El Rodeo,1060
Argentina,Catamarca,Fiambalá,1078
Argentina,Catamarca,Hualfín,1142
Argentina,Catamarca,Huillapima,1145
Argentina,Catamarca,Icaño,1149
Argentina,Catamarca,La Puerta de San José,1197
Argentina,Catamarca,Londres,1239
Argentina,Catamarca,Los Altos,1243
Argentina,Catamarca,Los Varela,1256
Argentina,Catamarca,Mutquín,1294
Argentina,Catamarca,Pomán,1340
Argentina,Catamarca,Puerta de Corral Quemado,1350
Argentina,Catamarca,Recreo,1378
Argentina,Catamarca,San Antonio,1408
Argentina,Catamarca,San Fernando del Valle de Catamarca,1421
Argentina,Catamarca,Santa María,1464
Argentina,Catamarca,Tinogasta,1505
Argentina,Chaco,Aviá Terai,677
Argentina,Chaco,Barranqueras,685
Argentina,Chaco,Basail,686
Argentina,Chaco,Campo Largo,719
Argentina,Chaco,Capitán Solari,730
Argentina,Chaco,Castelli,737
Argentina,Chaco,Charadai,753
Argentina,Chaco,Charata,754
Argentina,Chaco,Chorotis,765
Argentina,Chaco,Ciervo Petiso,767
Argentina,Chaco,Colonia Benítez,776
Argentina,Chaco,Colonia Elisa,778
Argentina,Chaco,Colonias Unidas,782
Argentina,Chaco,Concepción del Bermejo,791
Argentina,Chaco,Coronel Du Graty,799
Argentina,Chaco,Corzuela,804
Argentina,Chaco,Coté-Lai,807
Argentina,Chaco,Departamento de Almirante Brown,822
Argentina,Chaco,Departamento de Bermejo,837
Argentina,Chaco,Departamento de Comandante Fernández,865
Argentina,Chaco,Departamento de Doce de Octubre,875
Argentina,Chaco,Departamento de Dos de Abril,876
Argentina,Chaco,Departamento de General Donovan,890
Argentina,Chaco,Departamento de General Güemes,892
Argentina,Chaco,Departamento de Independencia,909
Argentina,Chaco,Departamento de Libertad,928
Argentina,Chaco,Departamento de Maipú,937
Argentina,Chaco,Departamento de Nueve de Julio,950
Argentina,Chaco,Departamento de O’Higgins,954
Argentina,Chaco,Departamento de Presidencia de la Plaza,960
Argentina,Chaco,Departamento de Quitilipi,962
Argentina,Chaco,Departamento de San Fernando,986
Argentina,Chaco,Departamento de San Lorenzo,994
Argentina,Chaco,Departamento de Sargento Cabral,1010
Argentina,Chaco,Departamento de Tapenagá,1017
Argentina,Chaco,Fontana,1081
Argentina,Chaco,Gancedo,1088
Argentina,Chaco,General José de San Martín,1105
Argentina,Chaco,General Pinedo,1109
Argentina,Chaco,General Vedia,1114
Argentina,Chaco,Hermoso Campo,1135
Argentina,Chaco,La Clotilde,1181
Argentina,Chaco,La Eduvigis,1186
Argentina,Chaco,La Escondida,1187
Argentina,Chaco,La Leonesa,1191
Argentina,Chaco,La Tigra,1201
Argentina,Chaco,La Verde,1203
Argentina,Chaco,Laguna Limpia,1208
Argentina,Chaco,Lapachito,1213
Argentina,Chaco,Las Breñas,1216
Argentina,Chaco,Las Garcitas,1218
Argentina,Chaco,Los Frentones,1249
Argentina,Chaco,Machagai,1260
Argentina,Chaco,Makallé,1264
Argentina,Chaco,Margarita Belén,1270
Argentina,Chaco,Napenay,1296
Argentina,Chaco,Pampa Almirón,1314
Argentina,Chaco,Pampa del Indio,1316
Argentina,Chaco,Pampa del Infierno,1317
Argentina,Chaco,Presidencia de la Plaza,1347
Argentina,Chaco,Presidencia Roca,1345
Argentina,Chaco,Presidencia Roque Sáenz Peña,1346
Argentina,Chaco,Puerto Bermejo,1351
Argentina,Chaco,Puerto Tirol,1363
Argentina,Chaco,Puerto Vilelas,1364
Argentina,Chaco,Quitilipi,1370
Argentina,Chaco,Resistencia,1379
Argentina,Chaco,Samuhú,1405
Argentina,Chaco,San Bernardo,1414
Argentina,Chaco,Santa Sylvina,1471
Argentina,Chaco,Taco Pozo,1493
Argentina,Chaco,Tres Isletas,1515
Argentina,Chaco,Villa Ángela,1586
Argentina,Chaco,Villa Berthet,1542
Argentina,Chubut,Alto Río Senguer,655
Argentina,Chubut,Camarones,715
Argentina,Chubut,Comodoro Rivadavia,787
Argentina,Chubut,Departamento de Biedma,839
Argentina,Chubut,Departamento de Cushamen,873
Argentina,Chubut,Departamento de Escalante,880
Argentina,Chubut,Departamento de Florentino Ameghino,883
Argentina,Chubut,Departamento de Futaleufú,885
Argentina,Chubut,Departamento de Gaimán,886
Argentina,Chubut,Departamento de Gastre,887
Argentina,Chubut,Departamento de Languiñeo,923
Argentina,Chubut,Departamento de Mártires,949
Argentina,Chubut,Departamento de Paso de Indios,956
Argentina,Chubut,Departamento de Rawson,963
Argentina,Chubut,Departamento de Río Senguerr,979
Argentina,Chubut,Departamento de Sarmiento,1012
Argentina,Chubut,Departamento de Tehuelches,1018
Argentina,Chubut,Departamento de Telsen,1019
Argentina,Chubut,Dolavón,1042
Argentina,Chubut,El Maitén,1058
Argentina,Chubut,Esquel,1070
Argentina,Chubut,Gaimán,1087
Argentina,Chubut,Gastre,1092
Argentina,Chubut,Gobernador Costa,1115
Argentina,Chubut,Hoyo de Epuyén,1141
Argentina,Chubut,José de San Martín,1169
Argentina,Chubut,Lago Puelo,1206
Argentina,Chubut,Las Plumas,1229
Argentina,Chubut,Puerto Madryn,1359
Argentina,Chubut,Rada Tilly,1371
Argentina,Chubut,Rawson,1374
Argentina,Chubut,Río Mayo,1393
Argentina,Chubut,Río Pico,1394
Argentina,Chubut,Sarmiento,1477
Argentina,Chubut,Tecka,1499
Argentina,Chubut,Trelew,1512
Argentina,Chubut,Trevelin,1516
Argentina,Córdoba,Achiras,639
Argentina,Córdoba,Adelia María,640
Argentina,Córdoba,Agua de Oro,641
Argentina,Córdoba,Alejandro Roca,647
Argentina,Córdoba,Alejo Ledesma,648
Argentina,Córdoba,Almafuerte,651
Argentina,Córdoba,Alta Gracia,653
Argentina,Córdoba,Altos de Chipión,656
Argentina,Córdoba,Arias,668
Argentina,Córdoba,Arroyito,671
Argentina,Córdoba,Arroyo Cabral,672
Argentina,Córdoba,Balnearia,681
Argentina,Córdoba,Bell Ville,688
Argentina,Córdoba,Berrotarán,695
Argentina,Córdoba,Brinkmann,701
Argentina,Córdoba,Buchardo,702
Argentina,Córdoba,Camilo Aldao,716
Argentina,Córdoba,Cañada de Luque,744
Argentina,Córdoba,Canals,723
Argentina,Córdoba,Capilla del Monte,727
Argentina,Córdoba,Carnerillo,733
Argentina,Córdoba,Carrilobo,734
Argentina,Córdoba,Cavanagh,742
Argentina,Córdoba,Charras,755
Argentina,Córdoba,Chazón,757
Argentina,Córdoba,Cintra,769
Argentina,Córdoba,Colonia La Tordilla,780
Argentina,Córdoba,Colonia San Bartolomé,781
Argentina,Córdoba,Córdoba,815
Argentina,Córdoba,Coronel Baigorria,797
Argentina,Córdoba,Coronel Moldes,800
Argentina,Córdoba,Corral de Bustos,801
Argentina,Córdoba,Corralito,802
Argentina,Córdoba,Cosquín,805
Argentina,Córdoba,Costa Sacate,806
Argentina,Córdoba,Cruz Alta,809
Argentina,Córdoba,Cruz del Eje,811
Argentina,Córdoba,Cuesta Blanca,812
Argentina,Córdoba,Dalmacio Vélez Sársfield,816
Argentina,Córdoba,Deán Funes,1039
Argentina,Córdoba,Del Campillo,818
Argentina,Córdoba,Departamento de Calamuchita,842
Argentina,Córdoba,Departamento de Colón,864
Argentina,Córdoba,Departamento de Cruz del Eje,871
Argentina,Córdoba,Departamento de General Roca,896
Argentina,Córdoba,Departamento de General San Martín,897
Argentina,Córdoba,Departamento de Juárez Celman,914
Argentina,Córdoba,Departamento de Marcos Juárez,939
Argentina,Córdoba,Departamento de Minas,943
Argentina,Córdoba,Departamento de Presidente Roque Sáenz Peña,961
Argentina,Córdoba,Departamento de Río Cuarto,974
Argentina,Córdoba,Departamento de Río Primero,976
Argentina,Córdoba,Departamento de Río Seco,977
Argentina,Córdoba,Departamento de Río Segundo,978
Argentina,Córdoba,Departamento de San Alberto,981
Argentina,Córdoba,Departamento de San Javier,990
Argentina,Córdoba,Departamento de San Justo,991
Argentina,Córdoba,Departamento de Sobremonte,1016
Argentina,Córdoba,Departamento de Totoral,1022
Argentina,Córdoba,Departamento de Tulumba,1024
Argentina,Córdoba,Departamento de Unión,1029
Argentina,Córdoba,Despeñaderos,1037
Argentina,Córdoba,Devoto,1038
Argentina,Córdoba,El Arañado,1049
Argentina,Córdoba,El Tío,1063
Argentina,Córdoba,Elena,1064
Argentina,Córdoba,Embalse,1066
Argentina,Córdoba,Etruria,1073
Argentina,Córdoba,General Baldissera,1096
Argentina,Córdoba,General Cabrera,1097
Argentina,Córdoba,General Levalle,1106
Argentina,Córdoba,General Roca,1111
Argentina,Córdoba,Guatimozín,1129
Argentina,Córdoba,Hernando,1136
Argentina,Córdoba,Huanchillas,1143
Argentina,Córdoba,Huerta Grande,1144
Argentina,Córdoba,Huinca Renancó,1146
Argentina,Córdoba,Idiazábal,1150
Argentina,Córdoba,Inriville,1156
Argentina,Córdoba,Isla Verde,1159
Argentina,Córdoba,Italó,1160
Argentina,Córdoba,James Craik,1165
Argentina,Córdoba,Jesús María,1167
Argentina,Córdoba,Justiniano Posse,1173
Argentina,Córdoba,La Calera,1178
Argentina,Córdoba,La Carlota,1179
Argentina,Córdoba,La Cesira,1180
Argentina,Córdoba,La Cumbre,1185
Argentina,Córdoba,La Falda,1188
Argentina,Córdoba,La Francia,1189
Argentina,Córdoba,La Granja,1190
Argentina,Córdoba,La Para,1194
Argentina,Córdoba,La Playosa,1196
Argentina,Córdoba,Laborde,1204
Argentina,Córdoba,Laboulaye,1205
Argentina,Córdoba,Laguna Larga,1207
Argentina,Córdoba,Las Acequias,1215
Argentina,Córdoba,Las Higueras,1221
Argentina,Córdoba,Las Junturas,1222
Argentina,Córdoba,Las Perdices,1228
Argentina,Córdoba,Las Varas,1232
Argentina,Córdoba,Las Varillas,1233
Argentina,Córdoba,Leones,1234
Argentina,Córdoba,Los Cocos,1246
Argentina,Córdoba,Los Cóndores,1248
Argentina,Córdoba,Los Surgentes,1254
Argentina,Córdoba,Malagueño,1266
Argentina,Córdoba,Malvinas Argentinas,1267
Argentina,Córdoba,Marcos Juárez,1269
Argentina,Córdoba,Marull,1273
Argentina,Córdoba,Mattaldi,1274
Argentina,Córdoba,Mendiolaza,1277
Argentina,Córdoba,Mina Clavero,1282
Argentina,Córdoba,Miramar,1283
Argentina,Córdoba,Monte Buey,1286
Argentina,Córdoba,Monte Cristo,1288
Argentina,Córdoba,Monte Maíz,1289
Argentina,Córdoba,Morrison,1292
Argentina,Córdoba,Morteros,1293
Argentina,Córdoba,Noetinger,1299
Argentina,Córdoba,Obispo Trejo,1305
Argentina,Córdoba,Oliva,1306
Argentina,Córdoba,Oncativo,1307
Argentina,Córdoba,Ordóñez,1308
Argentina,Córdoba,Pascanas,1321
Argentina,Córdoba,Pasco,1322
Argentina,Córdoba,Pilar,1333
Argentina,Córdoba,Piquillín,1335
Argentina,Córdoba,Porteña,1341
Argentina,Córdoba,Pozo del Molle,1343
Argentina,Córdoba,Quilino,1368
Argentina,Córdoba,Río Ceballos,1388
Argentina,Córdoba,Río Cuarto,1390
Argentina,Córdoba,Río Segundo,1395
Argentina,Córdoba,Río Tercero,1396
Argentina,Córdoba,Sacanta,1398
Argentina,Córdoba,Saldán,1400
Argentina,Córdoba,Salsacate,1401
Argentina,Córdoba,Salsipuedes,1402
Argentina,Córdoba,Sampacho,1404
Argentina,Córdoba,San Agustín,1406
Argentina,Córdoba,San Antonio de Litín,1410
Argentina,Córdoba,San Basilio,1412
Argentina,Córdoba,San Carlos,1415
Argentina,Córdoba,San Francisco,1422
Argentina,Córdoba,San Francisco del Chañar,1424
Argentina,Córdoba,San José de la Dormida,1432
Argentina,Córdoba,Santa Eufemia,1457
Argentina,Córdoba,Santa Magdalena,1462
Argentina,Córdoba,Santa Rosa de Calamuchita,1467
Argentina,Córdoba,Santa Rosa de Río Primero,1468
Argentina,Córdoba,Santiago Temple,1472
Argentina,Córdoba,Saturnino M. Laspiur,1479
Argentina,Córdoba,Sebastián Elcano,1481
Argentina,Córdoba,Serrano,1484
Argentina,Córdoba,Serrezuela,1485
Argentina,Córdoba,Tancacha,1497
Argentina,Córdoba,Ticino,1502
Argentina,Córdoba,Tío Pujio,1517
Argentina,Córdoba,Toledo,1507
Argentina,Córdoba,Ucacha,1519
Argentina,Córdoba,Unquillo,1521
Argentina,Córdoba,Valle Hermoso,1526
Argentina,Córdoba,Viamonte,1532
Argentina,Córdoba,Vicuña Mackenna,1535
Argentina,Córdoba,Villa Allende,1537
Argentina,Córdoba,Villa Ascasubi,1538
Argentina,Córdoba,Villa Berna,1541
Argentina,Córdoba,Villa Carlos Paz,1544
Argentina,Córdoba,Villa Concepción del Tío,1546
Argentina,Córdoba,Villa Cura Brochero,1548
Argentina,Córdoba,Villa de Soto,1581
Argentina,Córdoba,Villa del Dique,1582
Argentina,Córdoba,Villa del Rosario,1583
Argentina,Córdoba,Villa del Totoral,1585
Argentina,Córdoba,Villa Dolores,1549
Argentina,Córdoba,Villa General Belgrano,1552
Argentina,Córdoba,Villa Giardino,1556
Argentina,Córdoba,Villa Huidobro,1558
Argentina,Córdoba,Villa Las Rosas,1560
Argentina,Córdoba,Villa María,1563
Argentina,Córdoba,Villa Nueva,1567
Argentina,Córdoba,Villa Reducción,1573
Argentina,Córdoba,Villa Rumipal,1575
Argentina,Córdoba,Villa Tulumba,1578
Argentina,Córdoba,Villa Valeria,1580
Argentina,Córdoba,Wenceslao Escalante,1591
Argentina,Corrientes,Alvear,658
Argentina,Corrientes,Berón de Astrada,696
Argentina,Corrientes,Bonpland,698
Argentina,Corrientes,Chavarría,756
Argentina,Corrientes,Concepción,789
Argentina,Corrientes,Corrientes,803
Argentina,Corrientes,Cruz de los Milagros,810
Argentina,Corrientes,Curuzú Cuatiá,813
Argentina,Corrientes,Departamento de Bella Vista,836
Argentina,Corrientes,Departamento de Berón de Astrada,838
Argentina,Corrientes,Departamento de Capital,847
Argentina,Corrientes,Departamento de Concepción,866
Argentina,Corrientes,Departamento de Curuzú Cuatiá,872
Argentina,Corrientes,Departamento de Empedrado,879
Argentina,Corrientes,Departamento de Esquina,881
Argentina,Corrientes,Departamento de General Alvear,888
Argentina,Corrientes,Departamento de General Paz,895
Argentina,Corrientes,Departamento de Goya,899
Argentina,Corrientes,Departamento de Itatí,912
Argentina,Corrientes,Departamento de Ituzaingó,913
Argentina,Corrientes,Departamento de Lavalle,925
Argentina,Corrientes,Departamento de Mburucuyá,940
Argentina,Corrientes,Departamento de Mercedes,941
Argentina,Corrientes,Departamento de Monte Caseros,945
Argentina,Corrientes,Departamento de Paso de los Libres,957
Argentina,Corrientes,Departamento de Saladas,980
Argentina,Corrientes,Departamento de San Cosme,984
Argentina,Corrientes,Departamento de San Luis del Palmar,995
Argentina,Corrientes,Departamento de San Martín,996
Argentina,Corrientes,Departamento de San Miguel,1001
Argentina,Corrientes,Departamento de San Roque,1004
Argentina,Corrientes,Departamento de Santo Tomé,1009
Argentina,Corrientes,Departamento de Sauce,1014
Argentina,Corrientes,Empedrado,1068
Argentina,Corrientes,Esquina,1071
Argentina,Corrientes,Felipe Yofré,1077
Argentina,Corrientes,Garruchos,1089
Argentina,Corrientes,Gobernador Juan E. Martínez,1118
Argentina,Corrientes,Gobernador Virasora,1121
Argentina,Corrientes,Goya,1123
Argentina,Corrientes,Herlitzka,1134
Argentina,Corrientes,Itá Ibaté,1163
Argentina,Corrientes,Itatí,1161
Argentina,Corrientes,Ituzaingó,1162
Argentina,Corrientes,Juan Pujol,1171
Argentina,Corrientes,La Cruz,1184
Argentina,Corrientes,Libertad,1235
Argentina,Corrientes,Lomas de Vallejos,1237
Argentina,Corrientes,Loreto,1242
Argentina,Corrientes,Mariano I. Loza,1271
Argentina,Corrientes,Mburucuyá,1275
Argentina,Corrientes,Mercedes,1279
Argentina,Corrientes,Mocoretá,1284
Argentina,Corrientes,Monte Caseros,1287
Argentina,Corrientes,Nuestra Señora del Rosario de Caa Catí,1301
Argentina,Corrientes,Nueve de Julio,1303
Argentina,Corrientes,Palmar Grande,1311
Argentina,Corrientes,Paso de la Patria,1323
Argentina,Corrientes,Paso de los Libres,1324
Argentina,Corrientes,Pedro R. Fernández,1325
Argentina,Corrientes,Perugorría,1327
Argentina,Corrientes,Pueblo Libertador,1349
Argentina,Corrientes,Riachuelo,1382
Argentina,Corrientes,Saladas,1399
Argentina,Corrientes,San Carlos,1416
Argentina,Corrientes,San Cosme,1419
Argentina,Corrientes,San Lorenzo,1437
Argentina,Corrientes,San Luis del Palmar,1439
Argentina,Corrientes,San Miguel,1443
Argentina,Corrientes,Santa Lucía,1461
Argentina,Corrientes,Santa Rosa,1466
Argentina,Corrientes,Santo Tomé,1476
Argentina,Corrientes,Yapeyú,1594
Argentina,Corrientes,Yataity Calle,1595
Argentina,Entre Ríos,Aldea San Antonio,645
Argentina,Entre Ríos,Aranguren,665
Argentina,Entre Ríos,Bovril,700
Argentina,Entre Ríos,Caseros,735
Argentina,Entre Ríos,Ceibas,745
Argentina,Entre Ríos,Chajarí,751
Argentina,Entre Ríos,Colón,783
Argentina,Entre Ríos,Colonia Elía,779
Argentina,Entre Ríos,Concepción del Uruguay,792
Argentina,Entre Ríos,Concordia,793
Argentina,Entre Ríos,Conscripto Bernardi,794
Argentina,Entre Ríos,Crespo,808
Argentina,Entre Ríos,Departamento de Gualeguaychú,902
Argentina,Entre Ríos,Departamento de Paraná,955
Argentina,Entre Ríos,Diamante,1040
Argentina,Entre Ríos,Domínguez,1043
Argentina,Entre Ríos,Federación,1075
Argentina,Entre Ríos,Federal,1076
Argentina,Entre Ríos,General Campos,1098
Argentina,Entre Ríos,General Galarza,1104
Argentina,Entre Ríos,General Ramírez,1110
Argentina,Entre Ríos,Gobernador Mansilla,1119
Argentina,Entre Ríos,Gualeguay,1126
Argentina,Entre Ríos,Gualeguaychú,1127
Argentina,Entre Ríos,Hasenkamp,1132
Argentina,Entre Ríos,Hernández,1137
Argentina,Entre Ríos,Herrera,1139
Argentina,Entre Ríos,La Criolla,1183
Argentina,Entre Ríos,La Paz,1195
Argentina,Entre Ríos,Larroque,1214
Argentina,Entre Ríos,Los Charrúas,1245
Argentina,Entre Ríos,Los Conquistadores,1247
Argentina,Entre Ríos,Lucas González,1257
Argentina,Entre Ríos,Maciá,1261
Argentina,Entre Ríos,Nogoyá,1300
Argentina,Entre Ríos,Oro Verde,1309
Argentina,Entre Ríos,Paraná,1319
Argentina,Entre Ríos,Piedras Blancas,1332
Argentina,Entre Ríos,Pronunciamiento,1348
Argentina,Entre Ríos,Puerto Ibicuy,1355
Argentina,Entre Ríos,Puerto Yeruá,1365
Argentina,Entre Ríos,Rosario del Tala,1385
Argentina,Entre Ríos,San Benito,1413
Argentina,Entre Ríos,San Gustavo,1426
Argentina,Entre Ríos,San José de Feliciano,1430
Argentina,Entre Ríos,San Justo,1435
Argentina,Entre Ríos,San Salvador,1450
Argentina,Entre Ríos,Santa Ana,1453
Argentina,Entre Ríos,Santa Anita,1454
Argentina,Entre Ríos,Santa Elena,1456
Argentina,Entre Ríos,Sauce de Luna,1480
Argentina,Entre Ríos,Seguí,1482
Argentina,Entre Ríos,Tabossi,1492
Argentina,Entre Ríos,Ubajay,1518
Argentina,Entre Ríos,Urdinarrain,1522
Argentina,Entre Ríos,Viale,1531
Argentina,Entre Ríos,Victoria,1533
Argentina,Entre Ríos,Villa del Rosario,1584
Argentina,Entre Ríos,Villa Elisa,1550
Argentina,Entre Ríos,Villa Hernandarias,1557
Argentina,Entre Ríos,Villa Mantero,1562
Argentina,Entre Ríos,Villa María Grande,1564
Argentina,Entre Ríos,Villa Paranacito,1571
Argentina,Entre Ríos,Villa Urquiza,1579
Argentina,Entre Ríos,Villaguay,1587
Argentina,Formosa,Clorinda,772
Argentina,Formosa,Comandante Fontana,785
Argentina,Formosa,Departamento de Pilcomayo,958
Argentina,Formosa,El Colorado,1053
Argentina,Formosa,Estanislao del Campo,1072
Argentina,Formosa,Formosa,1082
Argentina,Formosa,General Enrique Mosconi,1102
Argentina,Formosa,Herradura,1138
Argentina,Formosa,Ibarreta,1148
Argentina,Formosa,Ingeniero Guillermo N. Juárez,1151
Argentina,Formosa,Laguna Naick-Neck,1209
Argentina,Formosa,Laguna Yema,1211
Argentina,Formosa,Las Lomitas,1225
Argentina,Formosa,Palo Santo,1312
Argentina,Formosa,Pirané,1336
Argentina,Formosa,Pozo del Tigre,1344
Argentina,Formosa,Riacho Eh-Eh,1381
Argentina,Formosa,San Francisco de Laishí,1423
Argentina,Formosa,Villa Escolar,1551
Argentina,Formosa,Villa General Guemes,1553
Argentina,Jujuy,Abra Pampa,638
Argentina,Jujuy,Caimancito,709
Argentina,Jujuy,Calilegua,713
Argentina,Jujuy,Departamento de Cochinoca,862
Argentina,Jujuy,Departamento de Rinconada,965
Argentina,Jujuy,Departamento de Tumbaya,1025
Argentina,Jujuy,El Aguilar,1047
Argentina,Jujuy,Fraile Pintado,1083
Argentina,Jujuy,Humahuaca,1147
Argentina,Jujuy,Ingenio La Esperanza,1155
Argentina,Jujuy,La Mendieta,1193
Argentina,Jujuy,La Quiaca,1199
Argentina,Jujuy,Libertador General San Martín,1236
Argentina,Jujuy,Maimará,1262
Argentina,Jujuy,Palma Sola,1310
Argentina,Jujuy,Palpalá,1313
Argentina,Jujuy,San Pedro de Jujuy,1447
Argentina,Jujuy,San Salvador de Jujuy,1451
Argentina,Jujuy,Santa Clara,1455
Argentina,Jujuy,Tilcara,1503
Argentina,Jujuy,Yuto,1597
Argentina,La Pampa,Alpachiri,652
Argentina,La Pampa,Alta Italia,654
Argentina,La Pampa,Anguil,662
Argentina,La Pampa,Arata,666
Argentina,La Pampa,Bernardo Larroudé,692
Argentina,La Pampa,Bernasconi,694
Argentina,La Pampa,Caleufú,712
Argentina,La Pampa,Catriló,740
Argentina,La Pampa,Colonia Barón,775
Argentina,La Pampa,Departamento de Caleu-Caleu,843
Argentina,La Pampa,Departamento de Toay,1021
Argentina,La Pampa,Doblas,1041
Argentina,La Pampa,Eduardo Castex,1046
Argentina,La Pampa,Embajador Martini,1065
Argentina,La Pampa,General Acha,1094
Argentina,La Pampa,General Manuel J. Campos,1107
Argentina,La Pampa,General Pico,1108
Argentina,La Pampa,General San Martín,1113
Argentina,La Pampa,Guatraché,1130
Argentina,La Pampa,Ingeniero Luiggi,1153
Argentina,La Pampa,Intendente Alvear,1157
Argentina,La Pampa,Jacinto Arauz,1164
Argentina,La Pampa,La Adela,1175
Argentina,La Pampa,La Maruja,1192
Argentina,La Pampa,Lonquimay,1240
Argentina,La Pampa,Macachín,1259
Argentina,La Pampa,Miguel Riglos,1281
Argentina,La Pampa,Parera,1320
Argentina,La Pampa,Quemú Quemú,1367
Argentina,La Pampa,Rancul,1373
Argentina,La Pampa,Realicó,1375
Argentina,La Pampa,Santa Isabel,1459
Argentina,La Pampa,Santa Rosa,1465
Argentina,La Pampa,Telén,1500
Argentina,La Pampa,Trenel,1513
Argentina,La Pampa,Uriburu,1523
Argentina,La Pampa,Veinticinco de Mayo,1527
Argentina,La Pampa,Victorica,1534
Argentina,La Pampa,Winifreda,1592
Argentina,La Rioja,Arauco,667
Argentina,La Rioja,Castro Barros,738
Argentina,La Rioja,Chamical,752
Argentina,La Rioja,Chilecito,761
Argentina,La Rioja,Departamento de Arauco,831
Argentina,La Rioja,Departamento de General Lamadrid,893
Argentina,La Rioja,Departamento de Independencia,910
Argentina,La Rioja,La Rioja,1200
Argentina,La Rioja,Villa Bustos,1543
Argentina,La Rioja,Vinchina,1588
Argentina,Mendoza,Departamento de Capital,850
Argentina,Mendoza,Departamento de General Alvear,889
Argentina,Mendoza,Departamento de Godoy Cruz,898
Argentina,Mendoza,Departamento de Guaymallén,905
Argentina,Mendoza,Departamento de La Paz,919
Argentina,Mendoza,Departamento de Las Heras,924
Argentina,Mendoza,Departamento de Lavalle,926
Argentina,Mendoza,Departamento de Luján,932
Argentina,Mendoza,Departamento de Maipú,936
Argentina,Mendoza,Departamento de Malargüe,938
Argentina,Mendoza,Departamento de Rivadavia,967
Argentina,Mendoza,Departamento de San Carlos,983
Argentina,Mendoza,Departamento de San Martín,999
Argentina,Mendoza,Departamento de San Rafael,1003
Argentina,Mendoza,Departamento de Santa Rosa,1008
Argentina,Mendoza,Departamento de Tunuyán,1026
Argentina,Mendoza,Departamento de Tupungato,1027
Argentina,Mendoza,Godoy Cruz,1122
Argentina,Mendoza,Las Heras,1219
Argentina,Mendoza,Mendoza,1278
Argentina,Mendoza,San Martín,1440
Argentina,Mendoza,San Rafael,1448
Argentina,Misiones,Alba Posse,643
Argentina,Misiones,Almafuerte,650
Argentina,Misiones,Aristóbulo del Valle,669
Argentina,Misiones,Arroyo del Medio,674
Argentina,Misiones,Azara,678
Argentina,Misiones,Bernardo de Irigoyen,693
Argentina,Misiones,Bonpland,699
Argentina,Misiones,Campo Grande,718
Argentina,Misiones,Campo Ramón,721
Argentina,Misiones,Campo Viera,722
Argentina,Misiones,Candelaria,724
Argentina,Misiones,Capioví,728
Argentina,Misiones,Caraguatay,731
Argentina,Misiones,Cerro Azul,748
Argentina,Misiones,Cerro Corá,749
Argentina,Misiones,Colonia Aurora,774
Argentina,Misiones,Concepción de la Sierra,790
Argentina,Misiones,Departamento de Apóstoles,830
Argentina,Misiones,Departamento de Cainguás,841
Argentina,Misiones,Departamento de Candelaria,845
Argentina,Misiones,Departamento de Capital,848
Argentina,Misiones,Departamento de Concepción de la Sierra,867
Argentina,Misiones,Departamento de Eldorado,878
Argentina,Misiones,Departamento de General Manuel Belgrano,894
Argentina,Misiones,Departamento de Guaraní,903
Argentina,Misiones,Departamento de Iguazú,908
Argentina,Misiones,Departamento de Leandro N. Alem,927
Argentina,Misiones,Departamento de Libertador General San Martín,929
Argentina,Misiones,Departamento de Montecarlo,946
Argentina,Misiones,Departamento de Oberá,953
Argentina,Misiones,Departamento de San Ignacio,987
Argentina,Misiones,Departamento de San Javier,989
Argentina,Misiones,Departamento de San Pedro,1002
Argentina,Misiones,Departamento de Veinticinco de Mayo,1031
Argentina,Misiones,Dos Arroyos,1044
Argentina,Misiones,Dos de Mayo,1045
Argentina,Misiones,El Alcázar,1048
Argentina,Misiones,El Soberbio,1061
Argentina,Misiones,Florentino Ameghino,1080
Argentina,Misiones,Garuhapé,1090
Argentina,Misiones,Garupá,1091
Argentina,Misiones,General Alvear,1095
Argentina,Misiones,Gobernador Roca,1120
Argentina,Misiones,Guaraní,1128
Argentina,Misiones,Jardín América,1166
Argentina,Misiones,Loreto,1241
Argentina,Misiones,Los Helechos,1250
Argentina,Misiones,Mártires,1295
Argentina,Misiones,Mojón Grande,1285
Argentina,Misiones,Montecarlo,1290
Argentina,Misiones,Oberá,1304
Argentina,Misiones,Panambí,1318
Argentina,Misiones,Picada Gobernador López,1328
Argentina,Misiones,Posadas,1342
Argentina,Misiones,Puerto Eldorado,1353
Argentina,Misiones,Puerto Esperanza,1354
Argentina,Misiones,Puerto Iguazú,1356
Argentina,Misiones,Puerto Leoni,1357
Argentina,Misiones,Puerto Libertad,1358
Argentina,Misiones,Puerto Piray,1360
Argentina,Misiones,Puerto Rico,1361
Argentina,Misiones,Ruiz de Montoya,1387
Argentina,Misiones,San José,1429
Argentina,Misiones,San Pedro,1446
Argentina,Misiones,San Vicente,1452
Argentina,Misiones,Santa María,1463
Argentina,Misiones,Santo Pipó,1474
Argentina,Misiones,Tres Capones,1514
Argentina,Misiones,Veinticinco de Mayo,1528
Argentina,Misiones,Wanda,1590
Argentina,Neuquén,Aluminé,657
Argentina,Neuquén,Andacollo,660
Argentina,Neuquén,Añelo,680
Argentina,Neuquén,Barrancas,684
Argentina,Neuquén,Buta Ranquil,706
Argentina,Neuquén,Centenario,746
Argentina,Neuquén,Chos Malal,766
Argentina,Neuquén,Cutral-Có,814
Argentina,Neuquén,Departamento de Aluminé,823
Argentina,Neuquén,Departamento de Añelo,833
Argentina,Neuquén,Departamento de Catán-Lil,855
Argentina,Neuquén,Departamento de Chos-Malal,860
Argentina,Neuquén,Departamento de Collón-Curá,863
Argentina,Neuquén,Departamento de Confluencia,868
Argentina,Neuquén,Departamento de Lácar,934
Argentina,Neuquén,Departamento de Minas,944
Argentina,Neuquén,Departamento de Zapala,1035
Argentina,Neuquén,El Huecú,1057
Argentina,Neuquén,Junín de los Andes,1172
Argentina,Neuquén,Las Coloradas,1217
Argentina,Neuquén,Las Lajas,1223
Argentina,Neuquén,Las Ovejas,1226
Argentina,Neuquén,Loncopué,1238
Argentina,Neuquén,Mariano Moreno,1272
Argentina,Neuquén,Neuquén,1298
Argentina,Neuquén,Picún Leufú,1330
Argentina,Neuquén,Piedra del Águila,1331
Argentina,Neuquén,Plaza Huincul,1337
Argentina,Neuquén,Plottier,1338
Argentina,Neuquén,San Martín de los Andes,1442
Argentina,Neuquén,Senillosa,1483
Argentina,Neuquén,Villa La Angostura,1559
Argentina,Neuquén,Vista Alegre,1589
Argentina,Neuquén,Zapala,1598
Argentina,Río Negro,Allen,649
Argentina,Río Negro,Catriel,739
Argentina,Río Negro,Cervantes,750
Argentina,Río Negro,Chichinales,759
Argentina,Río Negro,Chimpay,763
Argentina,Río Negro,Choele Choel,764
Argentina,Río Negro,Cinco Saltos,768
Argentina,Río Negro,Cipolletti,770
Argentina,Río Negro,Comallo,784
Argentina,Río Negro,Contraalmirante Cordero,795
Argentina,Río Negro,Coronel Belisle,798
Argentina,Río Negro,Darwin,817
Argentina,Río Negro,Departamento de Avellaneda,832
Argentina,Río Negro,Departamento de Veinticinco de Mayo,1032
Argentina,Río Negro,El Bolsón,1050
Argentina,Río Negro,El Cuy,1054
Argentina,Río Negro,Fray Luis Beltrán,1085
Argentina,Río Negro,General Conesa,1099
Argentina,Río Negro,General Enrique Godoy,1100
Argentina,Río Negro,General Fernández Oro,1103
Argentina,Río Negro,General Roca,1112
Argentina,Río Negro,Ingeniero Jacobacci,1152
Argentina,Río Negro,Ingeniero Luis A. Huergo,1154
Argentina,Río Negro,Lamarque,1212
Argentina,Río Negro,Los Menucos,1253
Argentina,Río Negro,Mainque,1263
Argentina,Río Negro,Maquinchao,1268
Argentina,Río Negro,Ñorquinco,1599
Argentina,Río Negro,Pilcaniyeu,1334
Argentina,Río Negro,Río Colorado,1389
Argentina,Río Negro,San Antonio Oeste,1409
Argentina,Río Negro,San Carlos de Bariloche,1418
Argentina,Río Negro,Sierra Colorada,1486
Argentina,Río Negro,Sierra Grande,1487
Argentina,Río Negro,Valcheta,1525
Argentina,Río Negro,Viedma,1536
Argentina,Río Negro,Villa Regina,1574
Argentina,Salta,Apolinario Saravia,664
Argentina,Salta,Cachí,707
Argentina,Salta,Cafayate,708
Argentina,Salta,Campo Quijano,720
Argentina,Salta,Chicoana,760
Argentina,Salta,Departamento Capital,819
Argentina,Salta,Departamento de Anta,828
Argentina,Salta,Departamento de Cerrillos,857
Argentina,Salta,Departamento de Chicoana,858
Argentina,Salta,Departamento de General Güemes,891
Argentina,Salta,Departamento de Guachipas,901
Argentina,Salta,Departamento de Iruya,911
Argentina,Salta,Departamento de La Poma,920
Argentina,Salta,Departamento de La Viña,921
Argentina,Salta,Departamento de Los Andes,931
Argentina,Salta,Departamento de Metán,942
Argentina,Salta,Departamento de Rivadavia,968
Argentina,Salta,Departamento de Rosario de la Frontera,971
Argentina,Salta,Departamento de Rosario de Lerma,970
Argentina,Salta,Departamento de San Carlos,982
Argentina,Salta,El Carril,1052
Argentina,Salta,El Galpón,1055
Argentina,Salta,El Quebrachal,1059
Argentina,Salta,Embarcación,1067
Argentina,Salta,General Enrique Mosconi,1101
Argentina,Salta,Joaquín V. González,1168
Argentina,Salta,La Caldera,1177
Argentina,Salta,Las Lajitas,1224
Argentina,Salta,Salta,1403
Argentina,Salta,San Antonio de los Cobres,1411
Argentina,Salta,San Ramón de la Nueva Orán,1449
Argentina,Salta,Santa Rosa de Tastil,1469
Argentina,Salta,Tartagal,1498
Argentina,San Juan,Albardón,644
Argentina,San Juan,Calingasta,714
Argentina,San Juan,Caucete,741
Argentina,San Juan,Chimbas,762
Argentina,San Juan,Departamento de Albardón,821
Argentina,San Juan,Departamento de Angaco,827
Argentina,San Juan,Departamento de Calingasta,844
Argentina,San Juan,Departamento de Capital,851
Argentina,San Juan,Departamento de Caucete,856
Argentina,San Juan,Departamento de Chimbas,859
Argentina,San Juan,Departamento de Iglesia,907
Argentina,San Juan,Departamento de Jáchal,915
Argentina,San Juan,Departamento de Nueve de Julio,952
Argentina,San Juan,Departamento de Rawson,964
Argentina,San Juan,Departamento de Rivadavia,966
Argentina,San Juan,Departamento de San Martín,998
Argentina,San Juan,Departamento de Santa Lucía,1005
Argentina,San Juan,Departamento de Sarmiento,1013
Argentina,San Juan,Departamento de Ullúm,1028
Argentina,San Juan,Departamento de Zonda,1036
Argentina,San Juan,Nueve de Julio,1302
Argentina,San Juan,Pocito,1339
Argentina,San Juan,San Agustín de Valle Fértil,1407
Argentina,San Juan,San José de Jáchal,1431
Argentina,San Juan,San Juan,1433
Argentina,San Juan,San Martín,1441
Argentina,San Juan,Santa Lucía,1460
Argentina,San Juan,Villa Basilio Nievas,1540
Argentina,San Juan,Villa Paula de Sarmiento,1572
Argentina,San Luis,Buena Esperanza,703
Argentina,San Luis,Candelaria,725
Argentina,San Luis,Concarán,788
Argentina,San Luis,Juan Martín de Pueyrredón,1170
Argentina,San Luis,Justo Daract,1174
Argentina,San Luis,La Punta,1198
Argentina,San Luis,La Toma,1202
Argentina,San Luis,Luján,1258
Argentina,San Luis,Merlo,1280
Argentina,San Luis,Naschel,1297
Argentina,San Luis,San Francisco del Monte de Oro,1425
Argentina,San Luis,San Luis,1438
Argentina,San Luis,Santa Rosa del Conlara,1470
Argentina,San Luis,Tilisarao,1504
Argentina,San Luis,Unión,1520
Argentina,San Luis,Villa General Roca,1555
Argentina,San Luis,Villa Mercedes,1565
Argentina,Santa Cruz,28 de noviembre,637
Argentina,Santa Cruz,Caleta Olivia,711
Argentina,Santa Cruz,Comandante Luis Piedra Buena,786
Argentina,Santa Cruz,Departamento de Deseado,874
Argentina,Santa Cruz,Departamento de Güer Aike,906
Argentina,Santa Cruz,Departamento de Lago Argentino,922
Argentina,Santa Cruz,Departamento de Magallanes,935
Argentina,Santa Cruz,Departamento de Río Chico,972
Argentina,Santa Cruz,El Calafate,1051
Argentina,Santa Cruz,Gobernador Gregores,1116
Argentina,Santa Cruz,Las Heras,1220
Argentina,Santa Cruz,Los Antiguos,1244
Argentina,Santa Cruz,Perito Moreno,1326
Argentina,Santa Cruz,Pico Truncado,1329
Argentina,Santa Cruz,Puerto Deseado,1352
Argentina,Santa Cruz,Puerto Santa Cruz,1362
Argentina,Santa Cruz,Río Gallegos,1391
Argentina,Santa Cruz,Río Turbio,1397
Argentina,Santa Cruz,San Julián,1434
Argentina,Santa Cruz,Yacimiento Río Turbio,1593
Argentina,Santa Fe,Armstrong,670
Argentina,Santa Fe,Arroyo Seco,673
Argentina,Santa Fe,Arrufó,675
Argentina,Santa Fe,Avellaneda,676
Argentina,Santa Fe,Bella Italia,689
Argentina,Santa Fe,Calchaquí,710
Argentina,Santa Fe,Cañada de Gómez,743
Argentina,Santa Fe,Capitán Bermúdez,729
Argentina,Santa Fe,Carcarañá,732
Argentina,Santa Fe,Casilda,736
Argentina,Santa Fe,Ceres,747
Argentina,Santa Fe,Chañar Ladeado,758
Argentina,Santa Fe,Coronda,796
Argentina,Santa Fe,Departamento de Belgrano,835
Argentina,Santa Fe,Departamento de Caseros,853
Argentina,Santa Fe,Departamento de Castellanos,854
Argentina,Santa Fe,Departamento de Constitución,869
Argentina,Santa Fe,Departamento de La Capital,916
Argentina,Santa Fe,Departamento de Nueve de Julio,951
Argentina,Santa Fe,Departamento de San Cristóbal,985
Argentina,Santa Fe,Departamento de San Javier,988
Argentina,Santa Fe,Departamento de San Justo,992
Argentina,Santa Fe,Departamento de San Lorenzo,993
Argentina,Santa Fe,Departamento de San Martín,1000
Argentina,Santa Fe,Departamento de Vera,1033
Argentina,Santa Fe,El Trébol,1062
Argentina,Santa Fe,Esperanza,1069
Argentina,Santa Fe,Firmat,1079
Argentina,Santa Fe,Fray Luis A. Beltrán,1084
Argentina,Santa Fe,Funes,1086
Argentina,Santa Fe,Gálvez,1131
Argentina,Santa Fe,Gato Colorado,1093
Argentina,Santa Fe,Gobernador Gálvez,1117
Argentina,Santa Fe,Granadero Baigorria,1124
Argentina,Santa Fe,Helvecia,1133
Argentina,Santa Fe,Hersilia,1140
Argentina,Santa Fe,Iriondo Department,1158
Argentina,Santa Fe,Laguna Paiva,1210
Argentina,Santa Fe,Las Parejas,1227
Argentina,Santa Fe,Las Rosas,1230
Argentina,Santa Fe,Las Toscas,1231
Argentina,Santa Fe,Los Laureles,1252
Argentina,Santa Fe,Malabrigo,1265
Argentina,Santa Fe,Melincué,1276
Argentina,Santa Fe,Pérez,1366
Argentina,Santa Fe,Rafaela,1372
Argentina,Santa Fe,Reconquista,1376
Argentina,Santa Fe,Recreo,1377
Argentina,Santa Fe,Roldán,1383
Argentina,Santa Fe,Rosario,1384
Argentina,Santa Fe,Rufino,1386
Argentina,Santa Fe,San Carlos Centro,1417
Argentina,Santa Fe,San Cristóbal,1420
Argentina,Santa Fe,San Javier,1427
Argentina,Santa Fe,San Jorge,1428
Argentina,Santa Fe,San Justo,1436
Argentina,Santa Fe,Santa Fe,1458
Argentina,Santa Fe,Santo Tomé,1475
Argentina,Santa Fe,Sastre,1478
Argentina,Santa Fe,Sunchales,1490
Argentina,Santa Fe,Tacuarendí,1494
Argentina,Santa Fe,Tostado,1509
Argentina,Santa Fe,Totoras,1510
Argentina,Santa Fe,Venado Tuerto,1529
Argentina,Santa Fe,Vera,1530
Argentina,Santa Fe,Villa Cañás,1545
Argentina,Santa Fe,Villa Constitución,1547
Argentina,Santa Fe,Villa Mugueta,1566
Argentina,Santa Fe,Villa Ocampo,1568
Argentina,Santa Fe,Villa Trinidad,1577
Argentina,Santiago del Estero,Añatuya,679
Argentina,Santiago del Estero,Beltrán,691
Argentina,Santiago del Estero,Campo Gallo,717
Argentina,Santiago del Estero,Clodomira,771
Argentina,Santiago del Estero,Colonia Dora,777
Argentina,Santiago del Estero,Departamento de Aguirre,820
Argentina,Santiago del Estero,Departamento de Banda,834
Argentina,Santiago del Estero,Departamento de Choya,861
Argentina,Santiago del Estero,Departamento de Guasayán,904
Argentina,Santiago del Estero,Departamento de Loreto,930
Argentina,Santiago del Estero,Departamento de Moreno,948
Argentina,Santiago del Estero,Departamento de Río Hondo,975
Argentina,Santiago del Estero,Departamento de Robles,969
Argentina,Santiago del Estero,Departamento de San Martín,997
Argentina,Santiago del Estero,Departamento de Sarmiento,1011
Argentina,Santiago del Estero,El Hoyo,1056
Argentina,Santiago del Estero,La Banda,1176
Argentina,Santiago del Estero,Los Juríes,1251
Argentina,Santiago del Estero,Los Telares,1255
Argentina,Santiago del Estero,Pampa de los Guanacos,1315
Argentina,Santiago del Estero,Quimilí,1369
Argentina,Santiago del Estero,San Pedro,1445
Argentina,Santiago del Estero,Santiago del Estero,1473
Argentina,Santiago del Estero,Sumampa,1489
Argentina,Santiago del Estero,Suncho Corral,1491
Argentina,Santiago del Estero,Termas de Río Hondo,1501
Argentina,Santiago del Estero,Tintina,1506
Argentina,Santiago del Estero,Villa Atamisqui,1539
Argentina,Santiago del Estero,Villa General Mitre,1554
Argentina,Santiago del Estero,Villa Ojo de Agua,1569
Argentina,Tierra del Fuego,Río Grande,1392
Argentina,Tierra del Fuego,Tolhuin,1508
Argentina,Tierra del Fuego,Ushuaia,1524
Argentina,San Luis,Aguilares,642
Argentina,Tucumán,Alderetes,646
Argentina,Tucumán,Bella Vista,690
Argentina,Tucumán,Burruyacú,705
Argentina,Tucumán,Departamento de Burruyacú,840
Argentina,Tucumán,Departamento de Capital,852
Argentina,Tucumán,Departamento de Cruz Alta,870
Argentina,Tucumán,Departamento de Famaillá,882
Argentina,Tucumán,Departamento de Graneros,900
Argentina,Tucumán,Departamento de La Cocha,917
Argentina,Tucumán,Departamento de Lules,933
Argentina,Tucumán,Departamento de Monteros,947
Argentina,Tucumán,Departamento de Río Chico,973
Argentina,Tucumán,Departamento de Simoca,1015
Argentina,Tucumán,Departamento de Trancas,1023
Argentina,Tucumán,Departamento de Yerba Buena,1034
Argentina,Tucumán,Famaillá,1074
Argentina,Tucumán,Graneros,1125
Argentina,Tucumán,La Cocha,1182
Argentina,Tucumán,Monteros,1291
Argentina,Tucumán,San Miguel de Tucumán,1444
Argentina,Tucumán,Simoca,1488
Argentina,Tucumán,Tafí del Valle,1496
Argentina,Tucumán,Tafí Viejo,1495
Argentina,Tucumán,Trancas,1511
Argentina,Tucumán,Yerba Buena,1596
Afghanistan,Other,Other,1
Alemania,Other,Other,2
Albania,Other,Other,3
Algeria,Other,Other,4
American Samoa,Other,Other,5
Andorra,Other,Other,6
Angola,Other,Other,7
Anguilla,Other,Other,8
Antártida,Other,Other,9
Antigua And Barbuda,Other,Other,10
Armenia,Other,Other,12
Aruba,Other,Other,13
Australia,Other,Other,14
Austria,Other,Other,15
Azerbaijan,Other,Other,16
The Bahamas,Other,Other,17
Bahrain,Other,Other,18
Bangladesh,Other,Other,19
Barbados,Other,Other,20
Belarus,Other,Other,21
Belgium,Other,Other,22
Belize,Other,Other,23
Benin,Other,Other,24
Bermuda,Other,Other,25
Bhutan,Other,Other,26
Bolivia,Other,Other,27
Bosnia and Herzegovina,Other,Other,28
Botswana,Other,Other,29
Bouvet Island,Other,Other,30
Brazil,Other,Other,31
British Indian Ocean Territory,Other,Other,32
Brunei,Other,Other,33
Bulgaria,Other,Other,34
Burkina Faso,Other,Other,35
Burundi,Other,Other,36
Cambodia,Other,Other,37
Cameroon,Other,Other,38
Canada,Other,Other,39
Cape Verde,Other,Other,40
Cayman Islands,Other,Other,41
Central African Republic,Other,Other,42
Chad,Other,Other,43
Chile,Other,Other,44
China,Other,Other,45
Christmas Island,Other,Other,46
Cocos (Keeling) Islands,Other,Other,47
Colombia,Other,Other,48
Comoros,Other,Other,49
Congo,Other,Other,50
Democratic Republic of the Congo,Other,Other,51
Cook Islands,Other,Other,52
Costa Rica,Other,Other,53
Cote D'Ivoire (Ivory Coast),Other,Other,54
Croatia,Other,Other,55
Cuba,Other,Other,56
Cyprus,Other,Other,57
Czech Republic,Other,Other,58
Denmark,Other,Other,59
Djibouti,Other,Other,60
Dominica,Other,Other,61
Dominican Republic,Other,Other,62
East Timor,Other,Other,63
Ecuador,Other,Other,64
Egypt,Other,Other,65
El Salvador,Other,Other,66
Equatorial Guinea,Other,Other,67
Eritrea,Other,Other,68
Estonia,Other,Other,69
Ethiopia,Other,Other,70
Falkland Islands,Other,Other,71
Faroe Islands,Other,Other,72
Fiji Islands,Other,Other,73
Finland,Other,Other,74
France,Other,Other,75
French Guiana,Other,Other,76
French Polynesia,Other,Other,77
French Southern Territories,Other,Other,78
Gabon,Other,Other,79
Gambia The,Other,Other,80
Georgia,Other,Other,81
Germany,Other,Other,82
Ghana,Other,Other,83
Gibraltar,Other,Other,84
Greece,Other,Other,85
Greenland,Other,Other,86
Grenada,Other,Other,87
Guadeloupe,Other,Other,88
Guam,Other,Other,89
Guatemala,Other,Other,90
Guernsey and Alderney,Other,Other,91
Guinea,Other,Other,92
GuineaBissau,Other,Other,93
Guyana,Other,Other,94
Haiti,Other,Other,95
Heard Island and McDonald Islands,Other,Other,96
Honduras,Other,Other,97
Hong Kong S.A.R.,Other,Other,98
Hungary,Other,Other,99
Iceland,Other,Other,100
India,Other,Other,101
Indonesia,Other,Other,102
Iran,Other,Other,103
Iraq,Other,Other,104
Ireland,Other,Other,105
Israel,Other,Other,106
Italy,Other,Other,107
Jamaica,Other,Other,108
Japan,Other,Other,109
Jersey,Other,Other,110
Jordan,Other,Other,111
Kazakhstan,Other,Other,112
Kenya,Other,Other,113
Kiribati,Other,Other,114
North Korea,Other,Other,115
South Korea,Other,Other,116
Kuwait,Other,Other,117
Kyrgyzstan,Other,Other,118
Laos,Other,Other,119
Latvia,Other,Other,120
Lebanon,Other,Other,121
Lesotho,Other,Other,122
Liberia,Other,Other,123
Libya,Other,Other,124
Liechtenstein,Other,Other,125
Lithuania,Other,Other,126
Luxembourg,Other,Other,127
Macau S.A.R.,Other,Other,128
Macedonia,Other,Other,129
Madagascar,Other,Other,130
Malawi,Other,Other,131
Malaysia,Other,Other,132
Maldives,Other,Other,133
Mali,Other,Other,134
Malta,Other,Other,135
Man (Isle of),Other,Other,136
Marshall Islands,Other,Other,137
Martinique,Other,Other,138
Mauritania,Other,Other,139
Mauritius,Other,Other,140
Mayotte,Other,Other,141
Mexico,Other,Other,142
Micronesia,Other,Other,143
Moldova,Other,Other,144
Monaco,Other,Other,145
Mongolia,Other,Other,146
Montenegro,Other,Other,147
Montserrat,Other,Other,148
Morocco,Other,Other,149
Mozambique,Other,Other,150
Myanmar,Other,Other,151
Namibia,Other,Other,152
Nauru,Other,Other,153
Nepal,Other,Other,154
"Bonaire, Sint Eustatius and Saba",Other,Other,155
Netherlands,Other,Other,156
New Caledonia,Other,Other,157
New Zealand,Other,Other,158
Nicaragua,Other,Other,159
Niger,Other,Other,160
Nigeria,Other,Other,161
Niue,Other,Other,162
Norfolk Island,Other,Other,163
Northern Mariana Islands,Other,Other,164
Norway,Other,Other,165
Oman,Other,Other,166
Pakistan,Other,Other,167
Palau,Other,Other,168
Palestinian Territory Occupied,Other,Other,169
Panama,Other,Other,170
Papua new Guinea,Other,Other,171
Paraguay,Other,Other,172
Peru,Other,Other,173
Philippines,Other,Other,174
Pitcairn Island,Other,Other,175
Poland,Other,Other,176
Portugal,Other,Other,177
Puerto Rico,Other,Other,178
Qatar,Other,Other,179
Reunion,Other,Other,180
Romania,Other,Other,181
Russia,Other,Other,182
Rwanda,Other,Other,183
Saint Helena,Other,Other,184
Saint Kitts And Nevis,Other,Other,185
Saint Lucia,Other,Other,186
Saint Pierre and Miquelon,Other,Other,187
Saint Vincent And The Grenadines,Other,Other,188
SaintBarthelemy,Other,Other,189
SaintMartin (French part),Other,Other,190
Samoa,Other,Other,191
San Marino,Other,Other,192
Sao Tome and Principe,Other,Other,193
Saudi Arabia,Other,Other,194
Senegal,Other,Other,195
Serbia,Other,Other,196
Seychelles,Other,Other,197
Sierra Leone,Other,Other,198
Singapore,Other,Other,199
Slovakia,Other,Other,200
Slovenia,Other,Other,201
Solomon Islands,Other,Other,202
Somalia,Other,Other,203
South Africa,Other,Other,204
South Georgia,Other,Other,205
South Sudan,Other,Other,206
Spain,Other,Other,207
Sri Lanka,Other,Other,208
Sudan,Other,Other,209
Suriname,Other,Other,210
Svalbard And Jan Mayen Islands,Other,Other,211
Swaziland,Other,Other,212
Sweden,Other,Other,213
Switzerland,Other,Other,214
Syria,Other,Other,215
Taiwan,Other,Other,216
Tajikistan,Other,Other,217
Tanzania,Other,Other,218
Thailand,Other,Other,219
Togo,Other,Other,220
Tokelau,Other,Other,221
Tonga,Other,Other,222
Trinidcountryad And Tobago,Other,Other,223
Tunisia,Other,Other,224
Turkey,Other,Other,225
Turkmenistan,Other,Other,226
Turks And Caicos Islands,Other,Other,227
Tuvalu,Other,Other,228
Uganda,Other,Other,229
Ukraine,Other,Other,230
United Arab Emirates,Other,Other,231
United Kingdom,Other,Other,232
United States,Other,Other,233
United States Minor Outlying Islands,Other,Other,234
Uruguay,Other,Other,235
Uzbekistan,Other,Other,236
Vanuatu,Other,Other,237
Vatican City State (Holy See),Other,Other,238
Venezuela,Other,Other,239
Vietnam,Other,Other,240
Virgin Islands (British),Other,Other,241
Virgin Islands (US),Other,Other,242
Wallis And Futuna Islands,Other,Other,243
Western Sahara,Other,Other,244
Yemen,Other,Other,245
Zambia,Other,Other,246
Zimbabwe,Other,Other,247